{"ResolutionOptions":["320x200","320x240","400x300","512x384","640x400","640x480","800x600","1024x768","1152x864","1280x600","1280x720","1280x768","1280x800","1280x960","1280x1024","1360x768","1366x768","1400x1050","1440x900","1600x900","1680x1050","1920x1080"],"MusicVolume":-57.0641479,"GameplayVolume":-80.0,"MasterVolume":-36.9189453,"GameResolutionIndex":21,"IsFullscreen":true,"QualityIndex":5}